"state","county_name","total_pop","male_pop","female_pop","white_pop","black_pop","asian_pop","hispanic_pop","amerindian_pop","commuters_by_public_transportation","median_income","housing_units","vacant_housing_units","employed_pop","unemployed_pop","in_school","in_undergrad_college","cases_per_10000","deaths_per_10000","death_per_case","bad"
"california","sierra",2885,51.57712305026,48.42287694974,86.9670710571924,0.138648180242634,0,10.051993067591,0.97053726169844,0,44190,82.7729636048527,40.9012131715771,39.8266897746967,2.21837088388215,16.0138648180243,1.66377816291161,138.648180242634,0,0,"FALSE"
"california","alpine",1203,55.1953449709061,44.8046550290939,64.5885286783042,1.49625935162095,0.665004156275977,9.72568578553616,20.6151288445553,0,63438,144.804655029094,119.534497090607,31.0889443059019,5.32003325020781,28.8445552784705,6.81629260182876,590.191188694929,0,0,"FALSE"
"california","modoc",9017,51.6690695353222,48.3309304646778,78.0192968836642,0.720860596650771,1.06465565043806,14.6057447044472,4.00354885216813,0.177442608406344,39296,58.2233558833315,17.8773427969391,35.832316735056,2.91671287567927,16.6574248641455,0.465786847066652,311.633581013641,3.32704890761894,0.0106761565836299,"FALSE"
"california","mariposa",17658,50.1925472873485,49.8074527126515,81.0340921961717,1.21757843470382,0.951410125722052,10.5901008041681,2.35587269226413,0.923094348170801,51385,58.7722278853777,16.6723298221769,39.6930569713444,4.40027183146449,16.4741193793182,3.31294597349643,181.22097632801,2.26526220410012,0.0125,"FALSE"
"california","stanislaus",535684,49.4366081495807,50.5633918504193,43.3520508359406,2.5401169346107,5.3539026739645,44.9548614481672,0.417036909819968,0.319031369240074,54260,33.7428409286072,1.7605528632552,40.9765832095041,5.45844191724972,28.3732573681499,6.07989038313633,791.754093831438,13.9821237893982,0.017659679815151,"TRUE"
"california","nevada",98838,49.3049232076732,50.6950767923268,85.3811287156762,0.547360326999737,1.10281470689411,9.21609097715454,0.677876929925737,0.498796009631923,60610,54.0207207754103,13.1599182500658,42.7993281936097,3.38736113640503,19.7191363645561,4.66217446731014,323.660940124244,7.38582326635505,0.0228196311347296,"FALSE"
"california","del norte",27442,54.6898914073318,45.3101085926682,62.7979010276219,1.76371984549231,2.70024050725166,19.2442241819109,7.16055681072808,0.189490561912397,41287,41.4109758763938,6.12564681874499,31.856278696888,3.33794912907222,21.5727716638729,4.49311274688434,306.100138473872,0.72880985350922,0.00238095238095238,"FALSE"
"california","yolo",212605,48.7368594341619,51.2631405658381,47.5271042543684,2.21302415277157,13.5838762023471,31.413654429576,0.257754991651184,1.70927306507373,61621,36.1778885727052,1.91481856024082,45.1278191952212,3.52249476729146,36.9817266762306,16.392841184356,499.517885280215,6.16166129677101,0.0123352165725047,"FALSE"
"california","butte",225207,49.5486374757445,50.4513625242555,72.9035953589364,1.457325926814,4.37464199603032,15.7388535880323,0.727774891544224,0.464461584231396,46516,43.5683615518168,5.30711745194421,41.490273392923,4.14241120391462,28.7699760664633,11.4934260480358,420.679641396582,5.37283476978957,0.0127717964956724,"FALSE"
"california","shasta",178919,49.0462164443128,50.9537835556872,80.4380753301773,1.09043757230926,2.90354853313511,9.6233491132859,2.18925882661987,0.246480250839765,47258,43.7130768671857,4.31759623069657,40.3506614725099,2.9320530519397,23.5827385576713,5.47286761048296,536.555648086564,6.539271961055,0.0121875,"FALSE"
"california","kings",150183,55.2539235466065,44.7460764533935,33.1116038433112,5.93675715626935,3.63756217414754,53.7444317932123,0.799025189269092,0.323605201653982,49742,30.2058155716692,2.00755078803859,35.395484175972,3.78405012551354,28.9153898909996,5.82622533842046,1282.90152680397,9.52171683879001,0.00742201692012249,"FALSE"
"california","tehama",63247,49.7288408936392,50.2711591063608,69.2190933957342,0.594494600534413,1.43406011352317,24.2161683558113,1.50362863060699,0.10119057030373,42512,43.2573877021835,5.7662814046516,37.7077173620883,4.25632836340064,24.4438471389947,4.40495201353424,609.356965547773,6.64063117618227,0.0108977685521536,"FALSE"
"california","mendocino",87497,49.9079968456061,50.0920031543939,65.9245459844337,0.640021943609495,1.70863001017178,24.4602672091615,3.2606832234248,0.129147285049773,46528,46.6884578899848,7.62197561059236,42.3831674228831,4.91902579517012,22.6053464690218,4.60358640867687,333.611438106449,3.65726824919712,0.0109626584446728,"FALSE"
"california","humboldt",135490,49.8250793416488,50.1749206583512,74.8837552586907,1.02516790907078,2.86810834747952,11.0605948778508,4.57303122001624,0.80079710679755,43718,46.1901247324526,6.35987895785667,43.9825817403498,4.31766182006052,25.9126134770094,9.49885600413315,172.927891357296,1.77134843899919,0.0102432778489117,"FALSE"
"california","yuba",74644,51.0168265366272,48.9831734633728,56.2911955415037,3.22463962274262,6.29655431113016,27.4355607952414,0.9659182251755,0.369755104228069,51776,37.8128181769466,3.14157869353196,37.2863190611436,4.09543968704785,28.6761159637747,6.08622260329028,625.770323133809,3.61716949788329,0.00578034682080925,"FALSE"
"california","napa",141005,49.8641892131485,50.1358107868515,53.1966951526542,2.04035317896528,7.7585901209177,33.7200808481969,0.28013191021595,0.692174036381689,79637,39.3291018049005,4.54735647672068,50.430835785965,2.88500407786958,24.3906244459416,5.83454487429524,539.058898620616,2.76585936668912,0.00513090382844363,"FALSE"
"california","mono",14058,52.8738085076113,47.1261914923887,66.0691421254802,0.377009531939109,1.97752169583155,27.1375729122208,2.23360364205435,10.8763693270736,60595,99.8790724142837,65.0305875657988,55.9396784748897,2.06288234457249,21.9163465642339,3.67762128325509,783.183952198037,2.84535495803101,0.0036330608537693,"FALSE"
"california","siskiyou",43530,49.8644612910636,50.1355387089364,77.1582816448426,1.5368711233632,1.5759246496669,11.9871353089823,2.89915001148633,0.252699287847462,40884,55.2607397197335,11.5713301171606,38.0059728922582,3.80197564897772,20.6478290833908,3.95129795543303,262.80725936136,2.98644612910636,0.0113636363636364,"FALSE"
"california","san benito",58671,49.7826865061103,50.2173134938897,35.5746450546267,0.744831347684546,2.66571219171311,58.906444410356,0.303386681665559,0.230096640589047,80760,31.238601694193,1.51352456920796,47.1919687750337,4.57807093794208,29.1967070614102,6.66939373796254,845.903427587735,7.32900410765114,0.00866411444690711,"FALSE"
"california","kern",878744,51.2541764154293,48.7458235845707,35.3502271423759,5.12367652012418,4.53010205475087,52.2230592755114,0.479548082262866,0.321367770363155,50826,33.4054058975083,3.24952432107645,38.2008867201369,4.67508170752802,29.2185209799441,5.71736478428302,909.59369281611,6.42963138297388,0.00706868509946203,"FALSE"
"california","calaveras",45057,49.4751093059902,50.5248906940098,81.9672858823268,0.572608029828883,1.16962958030939,11.4654770623876,0.867789688616641,0.352886343964312,54800,62.5185875668598,22.9864393989835,37.1107708014293,2.84306545042946,16.8564263044588,2.60336906584992,358.8787535788,5.10464522715671,0.0142238713667285,"FALSE"
"california","fresno",971616,49.8825667753516,50.1174332246484,30.2256241148767,4.65379326812239,9.89362052498106,52.4324424463986,0.431960774627013,0.47971626650858,48730,33.5742721404341,2.51014804202483,40.3454656983829,4.66387955735599,29.9341509402892,6.67146280011856,848.946497381682,9.59226690379739,0.0112990240649815,"FALSE"
"california","santa cruz",273263,49.6422860028617,50.3577139971383,57.8153646853032,0.80654900224326,4.39942473002199,33.3363828985263,0.159553250897487,1.31997379813586,73663,38.6389668561057,3.67777562275171,48.9810182864127,3.53944734559746,29.1890962186611,11.8036470360056,450.042632921398,4.13521040170093,0.00918848593267198,"FALSE"
"california","el dorado",185015,49.8900089181958,50.1099910818042,78.4547198875767,0.87236170040267,4.2185768721455,12.5822230629949,0.5696835391725,0.763721860389698,74885,48.2587898278518,11.4596113828608,43.4413425938437,3.80617787746939,22.5176337053752,4.29208442558711,416.560819393022,2.37818555252277,0.00570909562735176,"FALSE"
"california","plumas",18724,50.373851741081,49.626148258919,83.5291604358043,0.854518265327921,0.790429395428327,8.53984191412091,1.82653279213843,0.0427259132663961,50266,84.0632343516343,39.8045289468062,38.7737662892544,4.01623584704123,18.2813501388592,4.94018372142705,270.241401409955,2.67036957914975,0.00988142292490119,"FALSE"
"california","colusa",21479,51.9437590204386,48.0562409795614,36.3145397830439,0.865962102518739,1.52707295497928,58.3779505563574,1.07081335257694,0.125704176172075,56481,37.199124726477,4.39033474556544,44.0895758647982,2.75618045532846,27.21262628614,5.09800270031193,748.638204758136,4.19013920573583,0.00559701492537313,"FALSE"
"california","san luis obispo",280119,50.7577136859692,49.2422863140308,69.3830122198066,1.76996205184225,3.56919737682913,22.1955668840743,0.441598035120788,0.63794315987134,67175,42.9039086959471,5.40413181540702,46.1507430770494,2.35114362110389,27.6050535665199,12.2469379085317,561.975446149672,4.81938033478629,0.00857578452547326,"FALSE"
"california","tuolumne",53899,52.0028200894265,47.9971799105735,80.8271025436464,1.71431751980556,1.10020594074102,11.846230913375,1.3228445796768,0.215217350971261,54325,58.3183361472383,17.0058813707119,37.850423941075,3.24681348448023,18.8463607859144,4.11139353234754,615.595836657452,7.23575576541309,0.011754068716094,"FALSE"
"california","tulare",458809,50.0181992942597,49.9818007057403,29.505088173946,1.30184891752341,3.18694707383683,63.6140529065472,0.660187572606466,0.240623004343856,44871,31.9767049033476,2.52131061073344,37.8850458469646,4.22942880370699,30.3123957899692,5.26580777622061,897.889971643974,10.9195765558217,0.0121613748907661,"FALSE"
"california","trinity",13037,50.648155250441,49.351844749559,82.8104625297231,0.797729539004372,1.08153716345785,7.18723632737593,4.27245531947534,0.0230114290097415,36563,67.6075784306205,25.7114366802178,36.8182864155864,3.88893150264631,17.2509012809696,2.41620004602286,199.432384751093,3.0681905346322,0.0153846153846154,"FALSE"
"california","amador",37306,53.6240819171179,46.3759180828821,79.2660698011044,2.04792794724709,1.5145016887364,13.2498793759717,0.70766096606444,0.0482496113225755,60636,48.9438696188281,10.9204953626762,36.0370985900391,3.67501206240283,18.3804213799389,4.17091084544041,808.449043049375,7.77354849085938,0.00961538461538462,"FALSE"
"california","imperial",179957,51.1027634379324,48.8972365620676,11.320482115172,2.28332323832916,1.25752263040615,83.4132598342938,0.604033185705474,0.255616619525776,44779,31.7842595731202,6.66825963980284,33.2062659413082,6.34318198236245,29.8576882255205,6.18758925743372,1406.8360775074,25.7283684435726,0.0182881068057037,"TRUE"
"california","madera",154440,48.2925407925408,51.7074592074592,35.0589225589226,3.07757057757058,1.96516446516447,56.8842268842269,1.06643356643357,0.15993265993266,48210,32.4333074333074,3.64672364672365,36.3092463092463,3.26664076664077,27.8593628593629,5.07446257446257,870.43512043512,8.41750841750842,0.00967046046269434,"FALSE"
"california","lake",64095,49.5951322256026,50.4048677743974,71.70138076293,2.12497074654809,1.43536937358608,19.4164911459552,3.19057648802559,0.346360870582729,40446,55.7719010843279,14.6969342382401,35.4021374522194,4.48084874015134,21.4119666120602,4.39659879865824,404.243700756689,4.68055230517201,0.0115785411038209,"FALSE"
"california","glenn",27935,50.8788258457133,49.1211741542867,52.4897082512976,0.758904599964203,2.60962949704672,40.8340791122248,1.67531770180777,0.161088240558439,46260,39.2410954000358,3.67281188473241,38.5716842670485,3.92339359226776,25.5879720780383,4.03436549131913,692.679434401289,6.80150349024521,0.00981912144702842,"FALSE"
"california","marin",260814,48.8558896378262,51.1441103621738,71.4616546657771,2.09459614897973,5.65690492074812,15.8699302951529,0.149915265284839,4.7953714141112,104703,43.1748295720322,2.97530040565307,50.0624966451187,2.38139056952464,23.6103123298596,4.62513515378776,445.029791345557,5.90459101121872,0.0132678556043767,"FALSE"
"california","inyo",18195,50.4094531464688,49.5905468535312,63.5174498488596,0.945314646881011,1.48392415498763,21.401483924155,10.7502061005771,0.555097554273152,51500,52.3550425941193,8.24402308326463,45.4795273426766,2.47320692497939,20.4122011541632,3.04479252541907,479.252541907117,15.938444627645,0.033256880733945,"TRUE"
"california","lassen",31470,66.0502065459168,33.9497934540833,66.1328249126152,8.60502065459167,1.46806482364156,18.5224022878932,2.90117572291071,0.181124880838894,54083,40.5115983476327,10.5115983476327,28.7639021290118,2.3164918970448,19.6727041626946,4.13091833492215,1509.05624404194,4.13091833492215,0.0027374184038745,"FALSE"
"california","placer",374985,48.8075523020921,51.1924476979079,73.8040188274198,1.43979092497033,6.81840606957612,13.6354787524834,0.347747243223062,0.577356427590437,80488,42.5795698494606,5.62769177433764,45.5460885102071,2.72437564169233,25.5602224088964,5.59569049428644,460.365081269917,4.6135178740483,0.0100214331228639,"FALSE"
"california","san joaquin",724153,49.7473600192225,50.2526399807775,33.1656431720921,6.65259965780712,14.7506120944055,40.8209314882352,0.230338063917432,0.595868552640119,57813,33.0390124738833,2.13283656906759,40.9117962640492,4.5944710579118,28.4939784824478,5.6062738123021,792.719218176269,10.3293088615251,0.0130302238480969,"FALSE"
"california","alameda",1629615,49.0698109676212,50.9301890323788,32.2088959662252,10.7425987119657,28.7402852821065,22.523172651209,0.307311849731378,6.74116278998414,85743,36.6281606391694,1.70764260270064,50.7058415638049,3.26304065684226,25.5688613568235,6.73876958668152,416.896015316501,4.68822390564643,0.0112455474108746,"FALSE"
"california","los angeles",10105722,49.2754599819785,50.7245400180215,26.4897649074455,7.91214126016924,14.274853394938,48.4238434423587,0.197066572779263,2.92508541200718,61015,34.7021519095815,2.09490227417695,47.5554047499031,4.02174134614034,26.7647279432385,7.26213327459433,992.125055488366,13.7902071717389,0.013899666272364,"TRUE"
"california","ventura",847834,49.4832714894661,50.5167285105339,46.1326155827674,1.58238523107118,7.01941653672771,42.2540261419099,0.287674238117367,0.597640575867446,81972,33.7326646489761,1.88138244043056,48.3796356362212,3.39122988698259,26.7981703965635,6.28932078685214,729.612164645438,4.85944182469682,0.00666030812007954,"FALSE"
"california","merced",267390,50.5048805116122,49.4951194883878,28.8312951120087,2.99450241220689,7.32749915853248,58.2108530610718,0.298066494633307,0.411010135008789,46338,31.5972923445155,1.95482254384981,37.0342944762332,6.34616103818393,32.3276861513146,7.84247728037698,894.835259358989,11.0699726990538,0.0123709616750951,"FALSE"
"california","solano",434981,49.6743535924558,50.3256464075442,38.9525059715252,13.7619804083397,14.8388090514298,25.7707807927243,0.253114503851892,1.32074734298739,72950,35.857428255487,1.98192564732712,45.1304769633616,4.19926387589343,25.3367388460645,6.21291504686412,582.646138566972,2.41389853809707,0.00414299242424242,"FALSE"
"california","monterey",433168,51.023159605511,48.976840394489,30.6116795331142,2.4519355077014,5.58974808850146,57.9251006537879,0.24609389428582,0.728123961142097,63249,32.4465334466073,3.37259446681195,42.1173770915672,2.7049551213386,28.2848686883611,6.86454216377941,820.67465740775,5.77143279281941,0.00703254662578413,"FALSE"
"california","contra costa",1123678,48.8284900122633,51.1715099877367,44.9255035695279,8.28885143252782,15.8002559452085,25.2744113527185,0.23743456755405,4.77877114262271,88456,36.4087398703187,1.73715245826651,47.6471907432556,3.53749027746383,26.2930305656959,5.82346544116731,465.64051267356,4.00470597448735,0.00860042428759819,"FALSE"
"california","sonoma",500943,48.9838165220394,51.0161834779606,63.8405966347469,1.39177511213851,3.85692583786978,26.3538965511046,0.51942037317619,0.932641039000445,71769,41.50332472956,3.56327965457148,49.7330035552947,3.13408910794242,24.206945700409,6.65045723764979,480.453864012472,4.67119013540463,0.00972245304969254,"FALSE"
"california","santa clara",1911226,50.4030920466758,49.5969079533242,32.5584729383129,2.37957206526073,34.928417675356,26.0698106869622,0.16240884123594,2.16787548934558,106761,34.4495627414026,1.46283066471469,50.6111783745094,3.04595060971335,26.7062607980427,6.56071024567477,490.198438070642,5.62989410985409,0.0114849286995133,"FALSE"
"california","san francisco",864263,50.9836704799349,49.0163295200651,40.844048628716,5.08653037327758,33.8663115278567,15.2672276841656,0.166037421479341,19.4980000300834,96265,45.1686581515117,3.65675726023213,58.4213370235681,3.36726204870508,19.2090833461574,6.50473293430356,339.260155762771,3.03148462910017,0.00893557518502098,"FALSE"
"california","san diego",3283665,50.2836617011784,49.7163382988216,46.2030383732811,4.70812339261161,11.4709935392313,33.3608330935098,0.357070529423678,1.46397394374883,70588,36.4186967915424,2.56204576288994,46.7792238245984,3.5557220362004,26.6423036454693,7.4785338942919,652.731018541782,6.40442919725368,0.00981174329904122,"FALSE"
"california","riverside",2355002,49.7541403361866,50.2458596638135,36.5719859261266,5.97918812807802,6.10848738132707,47.9843753848192,0.406963560965129,0.544500599150234,60807,35.104174009194,4.88237377293098,41.5594551512058,4.55978381334708,28.3699546751977,6.44317924146137,1036.73372676541,10.6878890124085,0.010309193900496,"FALSE"
"california","sutter",95583,49.8132513103795,50.1867486896205,47.3295460489836,1.84970130671772,15.1355366540075,30.245964240503,0.673759978238808,0.306539865875731,54347,35.7846060491928,2.10916167100844,39.9725892679661,4.69853425818399,27.2558927842817,5.45599112812948,803.490160384169,8.05582582676836,0.0100260416666667,"FALSE"
"california","san bernardino",2121220,49.7435438096944,50.2564561903056,29.820433524104,7.96640612477725,6.73206928088553,52.2810458132584,0.326934499957572,0.603473472812815,57156,33.5608753453201,4.16071883161577,40.9980105788178,4.48227906582061,29.3006383119148,6.67794948190193,1191.80471615391,7.35425839846881,0.00617069080092402,"FALSE"
"california","san mateo",763450,49.2691073416727,50.7308926583273,39.917610845504,2.28659375204663,27.1886829523872,24.8929202960246,0.129019582159932,5.42065623158033,105667,36.0349728207479,1.74379461654332,53.0332045320584,2.64247822385225,24.5319274346716,5.72676665138516,425.895605475146,3.85093981269238,0.00904198062432723,"FALSE"
"california","santa barbara",442996,50.1031612023585,49.8968387976415,45.3103414026312,1.68601973832721,5.19259767582551,44.8211722002005,0.290521810580682,1.50181942952081,68023,35.0655536393105,2.55623075603391,47.8092352978356,3.36210710706191,30.4165274630019,11.4759501214458,556.167550045599,5.21449403606353,0.00937576101956328,"FALSE"
"california","orange",3155816,49.3769281859272,50.6230718140728,41.3965199491986,1.57043376419918,19.5087102670118,34.1962902780137,0.208630667947688,1.04572002930462,81851,34.2764280300246,1.79747488446728,49.4641322561265,3.0432382623068,27.3194634921681,7.38389056903191,677.688433039189,7.50043728785202,0.011067677891764,"FALSE"
"california","sacramento",1495400,48.8618429851545,51.1381570148455,45.74969907717,9.52360572422094,15.1030493513441,22.7802594623512,0.380834559315233,1.17961749364718,60239,37.7389995987696,2.1598903303464,44.5894075163836,4.31824261067273,26.9276447773171,6.71392269626856,538.625117025545,7.22214792028889,0.0134084870757083,"FALSE"
"louisiana","madison parish",11616,49.8106060606061,50.1893939393939,34.1425619834711,63.4814049586777,0,1.98863636363636,0.0860881542699725,0.034435261707989,29424,42.9407713498623,7.87706611570248,32.4294077134986,4.56267217630854,20.0585399449036,1.38601928374656,1274.10468319559,22.3829201101928,0.0175675675675676,"TRUE"
"louisiana","west carroll parish",11274,50.5233280113536,49.4766719886464,79.6345573886819,15.8683697001951,0,3.23753769735675,0.177399325882562,0,37304,45.6004967181125,8.50629767606883,33.8832712435693,3.84069540535746,21.3588788362604,2.50133049494412,958.843356395246,31.9318786588611,0.0333024976873266,"TRUE"
"louisiana","la salle parish",14930,51.5137307434695,48.4862692565305,82.9135967849966,11.9959812458138,0,2.79303415941058,1.27930341594106,0.334896182183523,34712,44.6885465505693,10.9042196918955,32.3442732752847,2.08305425318151,21.8754186202277,2.18352310783657,853.985264567984,19.4239785666443,0.0227450980392157,"TRUE"
"louisiana","winn parish",14631,52.7099993165197,47.2900006834803,65.2245232725036,31.2282140660242,0,1.92057959127879,0.485270999931652,0.389583760508509,29472,49.7641993028501,12.9792905474677,34.4132321782517,2.20764130954822,20.6616089125829,1.64718747864124,902.193971703916,23.2383295741918,0.0257575757575758,"TRUE"
"louisiana","east carroll parish",7318,60.2487018311014,39.7512981688986,27.3162066138289,71.5905985241869,0,0.519267559442471,0,0,20795,41.2681060399016,8.23995627220552,23.1893960098388,1.70811697185023,13.7742552610003,0.833561082262913,1425.25280131183,25.9633779721235,0.0182166826462128,"TRUE"
"louisiana","red river parish",8723,48.0568611716153,51.9431388283847,57.0216668577324,37.4756391149834,0.0458557835607016,1.94887080132982,0.435629943826665,0.126103404791929,41510,47.8046543620314,9.12530092857962,38.5876418663304,1.89155107187894,23.3749856700676,3.65699873896595,858.649547174137,33.2454430815087,0.0387182910547397,"TRUE"
"louisiana","tensas parish",4771,48.6690421295326,51.3309578704674,42.3181722909243,55.3552714315657,0.0838398658562146,1.82351708237267,0,0.167679731712429,21906,71.1800461119262,30.7273108363027,31.5657094948648,5.72207084468665,20.5826870677007,1.84447704883672,693.774889960176,10.4799832320268,0.0151057401812689,"FALSE"
"louisiana","bienville parish",13806,48.4716789801536,51.5283210198464,54.2879907286687,41.4674779081559,0.0362161379110532,1.72388816456613,0.079675503404317,0.0579458206576851,34077,56.4971751412429,14.1967260611328,36.3610024626974,2.90453426046646,22.3815732290309,4.33869332174417,1008.98160220194,45.632333767927,0.0452261306532663,"TRUE"
"louisiana","claiborne parish",16296,57.4374079528719,42.5625920471281,45.5878743249877,51.1720667648503,0.0368188512518409,1.4359351988218,0.220913107511046,0,26877,48.073146784487,11.3770250368189,32.5908198330879,3.38119783996073,17.7098674521355,2.60186548846343,783.014236622484,28.8414334806087,0.036833855799373,"TRUE"
"louisiana","franklin parish",20388,49.0043162644693,50.9956837355307,65.2835000980969,33.3676672552482,0.0392387679026879,0.201098685501275,0.0392387679026879,0.0784775358053757,34722,45.0510103982735,7.66627427898764,35.7318030213851,3.43339219148519,23.4598783598195,2.83009613498136,1112.90955463998,45.6150676868746,0.0409872190392243,"TRUE"
"louisiana","caldwell parish",10000,53.13,46.87,79.06,16.76,0.16,3.13,0.59,0,31933,50.95,14.15,34.51,3.57,22.33,2.48,1013,23,0.0227048371174729,"TRUE"
"louisiana","catahoula parish",10044,53.3552369573875,46.6447630426125,65.9597769812824,31.9394663480685,0.159299084030267,1.52329749103943,0.149342891278375,0,34470,49.4623655913978,12.1565113500597,36.5491835921943,2.17045001991239,19.6037435284747,2.46913580246914,975.706889685384,28.8729589804859,0.0295918367346939,"TRUE"
"louisiana","cameron parish",6806,48.325007346459,51.674992653541,91.3311783720247,2.7769615045548,0.279165442256832,5.53923009109609,0,0.0734645900675874,60194,55.9653247134881,16.5001469291801,45.8125183661475,1.4252130473112,22.656479576844,2.4390243902439,665.589186012342,5.877167205407,0.00883002207505519,"FALSE"
"louisiana","union parish",22537,49.7493011492213,50.2506988507787,68.6249278963482,25.273993876736,0.084305808226472,4.65900519146293,0.0621200692195057,0.266228868083596,38916,51.4531659049563,16.0846607800506,37.4095931135466,2.6356657940276,19.4923902915206,4.17535608111106,943.781337356347,31.5037493898922,0.0333803479078514,"TRUE"
"louisiana","iberville parish",33122,50.6370388261578,49.3629611738422,47.6903568625083,48.6866735100537,0.060382827123966,2.52702131513797,0.250588732564459,0.256627015276855,47128,39.8677616085985,6.22848861783709,38.7204878932432,3.13386872773383,22.0729424551658,3.82525209830324,929.895537709075,23.2473884427269,0.025,"TRUE"
"louisiana","st. helena parish",10509,48.4632220001903,51.5367779998097,44.0669901988772,53.9632695784566,0.218860024740698,0.228375677990294,0.751736606718051,0.171281758492721,35254,49.9000856408792,11.9326291749929,34.7511656675231,6.45161290322581,21.200875440099,2.08392806166143,766.010086592445,6.66095727471691,0.00869565217391304,"FALSE"
"louisiana","east feliciana parish",19553,54.5542883444996,45.4457116555004,52.9381680560528,44.4075077993147,0.158543446018514,1.51383419424129,0.291515368485654,0.0460287423924717,46964,42.5714724083261,7.70725719838388,35.3909885951005,2.30655142433386,20.1452462537718,2.81798189536133,1381.37370224518,50.1201861606915,0.0362828582006664,"TRUE"
"louisiana","pointe coupee parish",22271,48.0086210767366,51.9913789232634,60.4238696062144,35.4047864936464,0.152664900543307,2.46957927349468,0.264918503883975,0.359211530690135,43964,51.2460149970814,11.6653944591621,42.3061380270307,3.82111265771631,22.7335997485519,3.18800233487495,970.320147276728,27.8388936284855,0.028690421101342,"TRUE"
"louisiana","grant parish",22305,56.7989240080699,43.2010759919301,76.592692221475,15.229769110065,0.197265187177763,4.8598968841067,1.2687738175297,0.188298587760592,40577,41.2508406186954,8.65276843757005,32.4949562878278,2.78861241874019,20.7621609504595,4.07531943510424,782.335799148173,18.8298587760592,0.0240687679083095,"TRUE"
"louisiana","jackson parish",15952,50.6895687061184,49.3104312938816,66.9445837512538,30.0651955867603,0.476429287863591,1.5734704112337,0.0626880641925777,0.0877632898696088,36394,48.9405717151454,11.1271313941825,35.506519558676,2.33199598796389,20.5115346038114,2.38841524573721,956.619859578736,25.7021063189569,0.026867627785059,"TRUE"
"louisiana","west feliciana parish",15376,66.4021852237253,33.5978147762747,52.0551508844953,44.8881373569199,0.520291363163372,1.51534859521332,0.195109261186264,0.0260145681581686,55647,34.8790322580645,9.20915712799168,35.79604578564,1.69094693028096,29.6045785639958,11.9797086368366,671.175858480749,18.210197710718,0.0271317829457364,"TRUE"
"louisiana","west baton rouge parish",25518,49.4983932910103,50.5016067089897,56.8147973979152,38.4512892859942,0.313504193118583,3.0096402539384,0.348773414844424,0.172427306215221,60902,40.7477075005878,3.76988792225096,47.9073595109335,2.91167019358884,23.7165922094208,3.31530684222901,853.123285523944,19.5940120699114,0.0229673863114378,"TRUE"
"louisiana","beauregard parish",36598,50.9071533963605,49.0928466036395,79.9797803158643,12.6618940925734,0.371605005738018,3.66959943166293,0.631182031805017,0.131154707907536,47350,42.1826329307612,5.76807475818351,38.7288922891961,3.10399475381168,22.479370457402,3.13678343078857,649.215804142303,16.1210995136346,0.0248316498316498,"TRUE"
"louisiana","calcasieu parish",198753,48.7569998943412,51.2430001056588,68.1997252871655,24.552082232721,1.35243241611447,3.21756149592711,0.326032814599025,0.153959940227317,48219,43.97770096552,5.17073956116386,45.4423329459178,3.23315874477366,25.3983587669117,5.09879096164586,818.4027410907,15.5972488465583,0.0190581581212345,"TRUE"
"louisiana","tangipahoa parish",128850,48.5432673651533,51.4567326348467,63.5265812960807,29.4140473418704,0.745828482731859,4.09313154831199,0.274738067520372,0.165308498253783,45901,41.6833527357392,4.74272409778813,43.2991850989523,4.20721769499418,26.7566938300349,6.82110981761739,802.871556072953,16.3756305781917,0.0203963267278879,"TRUE"
"louisiana","ouachita parish",156433,47.9559939398976,52.0440060601024,58.3476632168404,37.3648782545882,1.02599835073162,2.18048621454552,0.232048225118741,0.450032921442407,40081,42.8886488145084,6.5798137221686,41.0961881444452,3.0696847851796,25.5547103232694,5.29427934003695,1034.37254287778,22.1820204176868,0.0214449045176442,"TRUE"
"louisiana","lincoln parish",47536,48.817738135308,51.182261864692,53.2270279367216,40.4051666105688,1.75656344665096,2.91568495456075,0.18722652305621,0.0294513631773814,34424,41.9282228205991,5.3874957926624,44.6377482329182,4.32303938067991,37.9207337596769,17.5929821608886,791.189835072366,16.8293503870751,0.0212709385801648,"TRUE"
"louisiana","bossier parish",125698,49.4948209199828,50.5051790800172,67.6048942703941,21.5938201085141,1.5322439497844,6.52675460230075,0.478925679008417,0.135244793075467,52145,43.9601266527709,5.66039236901144,43.5575745039698,2.67386911486261,24.3552005600726,4.00324587503381,852.201307896705,17.6613788604433,0.0207244212098581,"TRUE"
"louisiana","st. landry parish",83580,48.030629337162,51.969370662838,54.6458482890644,40.9834888729361,0.308686288585786,2.01363962670495,0.114860014357502,0.0550370902129696,32163,43.6204833692271,7.16798277099785,36.5565924862407,2.14525005982292,24.0954773869347,2.1488394352716,893.275903326155,25.8435032304379,0.0289311545673721,"TRUE"
"louisiana","terrebonne parish",113067,49.3459630130807,50.6540369869193,67.1088823440969,19.2239999292455,0.880893629440951,5.03948985999452,5.39591569600325,0.139740154067942,47650,39.8064864195565,4.27268787533056,41.792919242573,2.71697312213113,23.7514040347758,3.06278578188154,675.528668842368,14.4162310842244,0.0213406650955748,"TRUE"
"louisiana","st. tammany parish",249201,48.6627260725278,51.3372739274722,79.1080292615198,11.595057804744,1.54734531562875,5.41731373469609,0.485953106127182,0.0806577822721418,66539,40.3493565435131,3.69099642457294,46.3653837665178,3.19581382097183,25.4882604804957,3.76362855686775,784.025746285127,16.171684704315,0.0206264714914526,"TRUE"
"louisiana","rapides parish",132080,48.3706844336766,51.6293155663234,61.4195941853422,31.8814354936402,1.56571774682011,2.99742580254391,0.56480920654149,0.688976377952756,42655,43.5455784373107,7.1797395517868,40.4429133858268,3.38809812235009,25.532253179891,4.47153240460327,756.132646880678,17.9436705027256,0.0237308501051367,"TRUE"
"louisiana","acadia parish",62607,48.609580398358,51.390419601642,77.5328637372818,17.6178382608973,0.103822256297219,2.39589822224352,0.0575015573338445,0.0638906192598272,40492,41.6934208634817,5.47542607056719,39.9028862587251,3.88934144744198,24.1378759563627,3.19453096299136,894.46866963758,27.6326928298753,0.0308928571428571,"TRUE"
"louisiana","richland parish",20619,48.6347543527814,51.3652456472186,60.516998884524,35.8455793200446,0.548038217178331,2.07090547553228,0,0.0872981230903535,34745,43.2465201998157,6.87230224550172,39.2744555992046,2.96328628934478,21.5529366118628,2.56559483971095,985.013822202823,20.3695620544158,0.0206794682422452,"TRUE"
"louisiana","morehouse parish",26290,47.565614302016,52.434385697984,49.5283377710156,47.9003423354888,0.429821224800304,1.25523012552301,0.0874857360213009,0.0228223659186002,31672,47.7862305058958,9.4560669456067,35.8387219475086,2.30886268543172,20.190186382655,2.95930011411183,932.674020540129,21.6812476226702,0.0232463295269168,"TRUE"
"louisiana","st. bernard parish",45067,49.3842501164932,50.6157498835068,63.4677258304302,22.0449552887922,2.31211307608672,9.89415758759181,0.297335078882553,0.441564781325582,45265,37.5551955976657,4.73517207712961,40.7881598508887,4.91268555705949,27.3193245612089,5.0080990525218,652.583930592229,9.09756584640646,0.013940836450187,"FALSE"
"louisiana","vermilion parish",59841,48.4968499857957,51.5031500142043,78.3960829531592,14.216005748567,2.17242358917799,3.28035961965876,0.482946474824953,0.0467906619207567,49266,43.7960595578282,7.49820357280126,41.5618054511121,3.28203071472736,23.1246135592654,2.13398840260022,711.719389716081,15.8754031516853,0.0223057055646865,"TRUE"
"louisiana","orleans parish",388182,47.6742868036127,52.3257131963873,30.5681355652761,59.0931573334158,2.94397988572371,5.52524331370337,0.119273948817823,3.41205929177551,38721,49.3667918656713,9.46411734701764,45.8589012370486,4.36728132680032,25.136920310576,6.59458707513486,636.376751111592,18.084300663091,0.0284176011010808,"TRUE"
"louisiana","lafayette parish",238230,48.8439743105402,51.1560256894598,66.0953700205684,25.626915166016,1.75670570457121,4.56365697015489,0.190572136170927,0.349662091256349,53950,41.7923855098014,4.14935146706964,50.0877303446249,2.69991184989296,25.5202955127398,6.33379507198925,815.47244259749,9.1508206355203,0.0112214958562825,"FALSE"
"louisiana","jefferson davis parish",31405,49.1354879796211,50.8645120203789,78.5511861168604,16.2585575545295,0.442604680783315,2.25760229262856,0.684604362362681,0,40744,43.6650214933928,7.25362203470785,38.761343735074,3.89428434962586,24.4324152205063,3.19375895558032,818.02260786499,22.9262856233084,0.0280264694433632,"TRUE"
"louisiana","allen parish",25667,56.6564070596486,43.3435929403514,71.1185569018584,18.9815716679004,0.728561966727705,4.85058635602135,1.7960805703822,0.233763197880547,42176,38.45404605135,7.93236451474656,33.4164491370242,3.48307164842015,22.1841274788639,2.92203997350684,1041.02544122804,29.6100050648693,0.0284431137724551,"TRUE"
"louisiana","vernon parish",51906,53.2000154124764,46.7999845875236,70.0959426655878,14.0581050360267,1.74931607135977,9.35729973413478,1.39675567371787,0.0520171078488036,46620,42.4247678495742,7.88155511886872,33.4951643355296,3.18845605517667,25.3650830347166,5.40977921627558,489.731437598736,15.7977883096367,0.032258064516129,"TRUE"
"louisiana","st. john the baptist parish",43565,48.8580282336738,51.1419717663262,36.3548720302996,55.4114541489728,0.897509468610123,5.79364168483875,0,0.130838976242396,53628,40.6335360954895,5.23585447033169,44.2557098588316,3.50051646964306,26.7072190978997,4.5954321129347,700.791920119362,28.4632158843108,0.0406157877497543,"TRUE"
"louisiana","livingston parish",137096,48.986841337457,51.013158662543,88.4081227752816,5.91629223317967,0.477767403862986,3.45816070490751,0.240707241640894,0.0576238548170625,60456,40.3403454513625,4.83602730933069,45.213572970765,2.80606290482582,25.3989904884169,3.59529089105444,763.771371885394,10.5035887261481,0.0137522681692293,"FALSE"
"louisiana","plaquemines parish",23394,48.7005215012396,51.2994784987604,65.1662819526374,20.5950243652218,3.34701205437292,6.67692570744635,0.773702658801402,0.0854920064973925,49635,43.147815679234,5.70659143370095,42.1005385996409,1.2952038984355,26.7034282294605,4.16773531674788,846.370864324186,9.40412071471317,0.0111111111111111,"FALSE"
"louisiana","concordia parish",20211,51.0563554500025,48.9436445499975,56.8551778734353,41.1162238385038,0.212755430211271,1.31611498688833,0.0593736084310524,0.0841126119439909,30028,47.1278016921478,10.3161644648954,33.4867151551136,3.40903468408293,22.4085893820197,2.51843055761714,810.449755083865,23.749443372421,0.0293040293040293,"TRUE"
"louisiana","de soto parish",27164,48.4243852157267,51.5756147842733,58.1541746429097,36.7471653659255,0.165660432925931,2.78309527315565,1.10072154321897,0.272419378589309,41443,46.6462965689884,8.61434251214843,37.9215137682226,4.48387571786188,23.0194374907966,2.9966131644824,768.664408776322,20.2473862465027,0.0263409961685824,"TRUE"
"louisiana","st. james parish",21485,48.1265999534559,51.8734000465441,48.0195485222248,49.6206655806376,0.237374912729811,1.56388177798464,0,0.237374912729811,52055,41.0379334419362,4.32860134977892,42.7879916220619,3.81196183383756,23.2999767279497,3.75145450314173,752.618105655108,20.9448452408657,0.0278293135435993,"TRUE"
"louisiana","avoyelles parish",41095,50.3540576712495,49.6459423287505,65.3339822362818,30.0961187492396,0.13870300523178,1.83477308675021,1.18019223749848,0.070568195644239,36763,44.4457963255871,8.03990753132985,35.899744494464,3.01253193819199,22.5136877965689,2.18761406497141,784.767003285071,24.333860566979,0.0310077519379845,"TRUE"
"louisiana","assumption parish",22881,48.4463091648092,51.5536908351908,65.7532450504786,29.7102399370657,0.275337616362921,2.77085791704908,0.629343123115248,0.074297452034439,48656,46.5320571653337,8.46553909357108,40.9728595778157,3.02434334163717,21.7473012543158,2.42122284865172,724.181635418032,12.6742712294043,0.0175015087507544,"TRUE"
"louisiana","washington parish",46449,49.3961118646257,50.6038881353743,65.762449137764,30.0759973304054,0.228207281104007,2.08615901311115,0.256194966522422,0.040905078688454,32962,46.2184331201963,8.4522809963616,35.0039828629249,4.91291524037116,23.501044155956,3.12600917134922,782.148162500807,21.9595685590648,0.0280759702725021,"TRUE"
"louisiana","sabine parish",24145,49.6873058604266,50.3126941395734,68.1051977635121,16.5334437771795,0.439014288672603,3.81445433837233,7.46324290743425,0.0993994615862498,40695,61.1596603851729,23.164216193829,35.609857113274,3.73576309794989,22.6175191551046,2.77490163594947,991.923793746117,19.4657278939739,0.0196242171189979,"TRUE"
"louisiana","webster parish",40043,48.5353245261344,51.4646754738656,62.2156182104238,34.1532852183902,0.26471543091177,1.83053217790875,0.347126838648453,0.169817446245286,30891,48.9074245186425,9.31498638963115,38.4761381514871,2.68711135529306,21.5193666808181,3.07669255550283,856.828908922908,19.4790600104887,0.0227338968230836,"TRUE"
"louisiana","evangeline parish",33750,51.0577777777778,48.9422222222222,66.9659259259259,27.4488888888889,0.361481481481481,3.44296296296296,0.10962962962963,0.0118518518518519,31745,44.2014814814815,8.85925925925926,34.3051851851852,4.65481481481481,24.2044444444444,2.77037037037037,874.962962962963,20.1481481481481,0.0230274297324755,"TRUE"
"louisiana","east baton rouge parish",446167,47.9804647138852,52.0195352861148,45.2167013696665,45.5605188191865,3.39200344265712,3.99514083291682,0.144340572027963,0.752632982717234,51436,43.06885090112,5.59678326725195,48.5013459085948,3.5735498143072,28.9490258132045,9.02711316614631,681.673005847586,14.3668178058888,0.0210758203458933,"TRUE"
"louisiana","natchitoches parish",39051,47.6556298174183,52.3443701825818,52.6593429105529,40.9080433279558,0.68116053366111,2.16127627973675,1.05503060100894,0.158766740928529,29001,48.5109216153235,11.254513328724,33.1387160380016,5.22649868121175,32.4626770121124,12.1712632198919,871.680622775345,17.6692018130137,0.0202702702702703,"TRUE"
"louisiana","lafourche parish",98112,49.1632012393999,50.8367987606001,76.8754076973255,13.0463144161774,0.804182974559687,4.36338062622309,2.41051043705153,0.212002609262883,52705,41.0724478147423,4.22374429223744,43.801981409002,3.31152152641879,24.0704500978474,4.53257501630789,762.393998695369,17.3271363339856,0.0227272727272727,"TRUE"
"louisiana","caddo parish",251069,47.4909287885004,52.5090712114996,45.5560025331682,48.295090194329,1.20683955406681,2.77971394317897,0.386746272936922,0.740832201506359,40391,44.9681163345535,6.22060071135823,42.0533797481967,3.15172323146227,24.2240180986103,4.20402359510732,841.003867462729,22.9419004337453,0.0272791854132134,"TRUE"
"louisiana","st. charles parish",52728,49.1219086633288,50.8780913366712,65.4851312395691,26.3673949324837,1.07532999544834,5.80716128053406,0.257927476862388,0,64707,38.7953269610074,2.90358064026703,46.3833257472311,3.66408739189804,26.0070550751024,4.76786527082385,841.678045820058,15.1722045213169,0.0180261378999549,"TRUE"
"louisiana","ascension parish",119129,49.2894257485583,50.7105742514417,69.3508717440757,21.7982187376709,0.899864852386908,5.25564723954705,0.031898194394312,0.0369347514039403,74748,38.1922118040108,3.03368617213273,48.2636469709307,3.22423591233033,26.9934272931024,4.2894677198667,803.330843035701,11.0804254211821,0.0137931034482759,"FALSE"
"louisiana","st. martin parish",53609,49.3294036449104,50.6705963550896,64.3772500886045,29.3047809136526,1.00169747617005,2.80549907664758,0.350687384580947,0.182805126004962,47279,42.7577459008749,6.50450484060512,44.5802010856386,3.06851461508329,24.3709078699472,3.5852188998116,818.51927847936,18.2805126004962,0.0223336371923428,"TRUE"
"louisiana","iberia parish",73346,48.7974804351976,51.2025195648024,59.2193166634854,31.3500395386251,2.77452076459521,4.03702996755106,0.0777138494260082,0.152700897117771,44504,41.4364791536007,5.41542824421236,41.3328606876994,5.1918305020042,24.4157827284378,3.02811332588008,770.45783001118,17.996891446023,0.0233586975756503,"TRUE"
"louisiana","st. mary parish",52578,49.741336680741,50.258663319259,56.1204305983491,30.9064627791091,1.38841340484613,6.84316634333752,1.06888812811442,0.114116170261326,41345,44.5300315721404,6.43044619422572,40.102324166001,3.70306972498003,21.9236182433718,2.25759823500323,676.138308798357,20.3507170299365,0.030098452883263,"TRUE"
"louisiana","jefferson parish",437038,48.5829607494085,51.4170392505915,53.4113738393458,26.0737052613274,4.24699911678161,14.2628329801985,0.328804360261579,0.534964922958644,50868,43.1376676627662,4.51722733492282,48.1502752621054,3.00156965755838,23.3567790443852,4.80004027109771,870.336217903249,16.8635221651207,0.0193758708625812,"TRUE"
"michigan","montmorency",9290,50.7104413347686,49.2895586652314,96.232508073197,0.236813778256189,0.0215285252960172,1.25941872981701,0.753498385360603,0.129171151776103,39152,103.347685683531,59.4940796555436,31.9806243272336,4.67168998923574,15.3713670613563,2.31431646932185,367.061356297094,13.9935414424112,0.0381231671554252,"TRUE"
"michigan","keweenaw",2136,51.4513108614232,48.5486891385768,97.4719101123596,1.49812734082397,0.0936329588014981,0.655430711610487,0.234082397003745,0,41118,116.24531835206,68.8202247191011,40.0749063670412,2.34082397003745,15.1685393258427,2.20037453183521,543.071161048689,9.36329588014981,0.0172413793103448,"FALSE"
"michigan","oscoda",8304,51.3728323699422,48.6271676300578,95.652697495183,0.578034682080925,0.0842967244701349,1.39691714836224,0.469653179190751,0,36833,110.260115606936,65.3660886319846,33.8993256262042,4.5640655105973,17.3289980732177,2.22784200385356,409.441233140655,22.8805394990366,0.0558823529411765,"TRUE"
"michigan","ontonagon",6072,51.1198945981555,48.8801054018445,95.2075098814229,0.312911725955204,0.131752305665349,1.35046113306983,1.03754940711462,0.164690382081686,36073,93.5276679841897,45.0263504611331,33.2839262187088,3.70553359683794,14.2951251646904,2.65151515151515,528.656126482213,26.3504611330698,0.0498442367601246,"TRUE"
"michigan","alger",9254,54.9816295655933,45.0183704344067,84.1582018586557,7.18608169440242,0.108061378863194,1.41560406310785,3.27425977955479,0.659174411065485,42647,71.8824292197968,36.8273179165766,34.1473957207694,2.55024854117139,16.1119515885023,2.23687054246812,408.472012102874,3.24184136589583,0.00793650793650794,"FALSE"
"michigan","luce",6406,58.5857009054012,41.4142990945988,78.2391507961286,6.41586013112707,0.218545113955667,3.18451451763971,6.30658757414923,0,41221,68.2953481111458,33.125195129566,32.2197939431783,4.29285045270059,16.9996877926943,1.59225725881986,310.646269122697,0,0,"FALSE"
"michigan","lake",11669,51.1183477590196,48.8816522409804,84.8230353929214,7.58419744622504,0.17996400719856,2.59662353243637,0.728425743422744,0.154254863313052,32309,129.865455480333,90.8304053475019,30.1139772045591,3.94206872911132,16.4538520867255,2.59662353243637,289.656354443397,8.56971462850287,0.029585798816568,"FALSE"
"michigan","schoolcraft",8114,49.0140497904856,50.9859502095144,85.9132363815627,0.603894503327582,0.357406950948977,0.961301454276559,7.12349026374168,0.579245748089721,37428,78.5802316982992,38.1316243529702,33.571604633966,5.43505052994824,17.5745624845945,1.50357406950949,303.179689425684,6.16218880946512,0.0203252032520325,"FALSE"
"michigan","baraga",8580,59.5804195804196,40.4195804195804,73.0885780885781,15.8158508158508,0.48951048951049,1.49184149184149,4.67365967365967,0,42757,61.5151515151515,26.4452214452214,28.962703962704,1.84149184149184,17.1445221445221,2.30769230769231,664.335664335664,33.7995337995338,0.0508771929824561,"TRUE"
"michigan","alcona",10413,50.3889369057908,49.6110630942092,95.9953903774128,0.316911552866609,0.422548737155479,1.41169691731489,0.547392682224143,0.0672236627292807,39424,106.760779794488,58.9455488331893,32.238547968885,3.31316623451455,13.2334581772784,2.11274368577739,371.650821089023,19.2067607797945,0.0516795865633075,"TRUE"
"michigan","roscommon",23934,49.5821843402691,50.4178156597309,95.3455335505975,0.279936492019721,0.183838890281608,1.63365922954792,0.873234728837637,0.28829280521434,37834,102.394083730258,55.8870226456088,31.9921450655971,4.77563299072449,15.0831453162865,2.49018133199632,437.035180078549,11.6988384724659,0.0267686424474187,"FALSE"
"michigan","iron",11291,49.3844655034984,50.6155344965016,94.960588079001,0.708528916836418,0.460543795943672,1.81560534939332,1.19564254716146,0.106279337525463,36773,82.393056416615,35.3201665042955,38.7565317509521,2.33814542556018,16.1190328580285,1.59419006288194,788.238419980515,32.7694624036844,0.0415730337078652,"TRUE"
"michigan","presque isle",12854,49.9377625641823,50.0622374358177,95.8145324412634,0.529018204449977,0.420102691769099,1.23696903687568,0.404543332814688,0.0388983973860277,43758,81.3910066905243,35.2652870701727,35.2419480317411,4.51999377625642,16.7185311965147,2.63731134277268,457.445153259686,17.1152948498522,0.0374149659863946,"TRUE"
"michigan","arenac",15238,50.6234413965087,49.3765586034913,94.914030712692,0.518440740254627,0.367502296889356,1.9687623047644,1.33219582622391,0.249376558603491,39947,64.5294658091613,20.8032550203439,38.3383646147788,4.06877542984644,17.2397952487203,2.69720435752723,444.940280876755,15.0938443365271,0.0339233038348083,"TRUE"
"michigan","oceana",26317,50.6250712467227,49.3749287532773,82.1864194247065,1.17794581449253,0.235589162898507,14.5191321199225,0.79036364327241,0.315385492267356,44382,61.0631910932097,22.3961697761903,40.6315309495763,3.41224303682031,21.7653987916556,2.58768096667553,664.209446365467,16.7192309153779,0.0251716247139588,"TRUE"
"michigan","mackinac",10836,50.5167958656331,49.4832041343669,73.8002953119232,2.32558139534884,0.572166851236619,1.60575858250277,16.8973791066814,0.959763750461425,42559,102.417866371355,55.0572166851237,42.0081210778885,4.90956072351421,17.3311184939092,2.7593207825766,374.677002583979,2.76854928017719,0.00738916256157635,"FALSE"
"michigan","antrim",23133,49.6217524748195,50.3782475251805,95.0201011541953,0.302598020144382,0.311243677862793,2.09224916785544,0.778109194656983,0.285306704707561,50988,77.7936281502615,35.723857692474,42.2383607832966,2.74499632559547,18.3936367959192,2.46833527860632,341.503479877232,6.91652617472874,0.020253164556962,"FALSE"
"michigan","alpena",28730,49.3177862861121,50.6822137138879,96.0320222763662,0.542986425339366,0.445527323355378,1.29481378350157,0.417681865645667,0.323703445875392,40954,55.7988165680473,11.2843717368604,44.0828402366864,3.02123216150365,20.2645318482423,4.39610163592064,475.113122171946,14.6188652975983,0.0307692307692308,"TRUE"
"michigan","wexford",32915,50.0683578915388,49.9316421084612,94.7531520583321,0.625854473644235,0.704845814977974,1.82591523621449,0.534710618259152,0.0820294698465745,42793,51.2228467264165,11.4081725656995,42.0294698465745,3.25079750873462,21.7408476378551,3.12623423970834,362.144918730062,5.77244417438858,0.0159395973154362,"FALSE"
"michigan","montcalm",62956,51.5296397483957,48.4703602516043,91.9880551496283,1.96168752779719,0.457462354660398,3.38649215324989,0.544824957112904,0.141368574877692,44651,45.1521697693627,7.73556134443103,40.9603532625961,3.09104771586505,22.8032276510579,3.49291568714658,517.02776542347,12.3896054387191,0.023963133640553,"TRUE"
"michigan","mecosta",43181,50.4897987540817,49.5102012459183,91.5032074291934,2.5080475209004,0.704013339200111,2.13983001783192,0.421481670179014,0.352006669600056,43470,49.443042078692,13.2210926101758,42.1921678516014,4.03881336699011,32.9728352747736,16.2548343021236,415.923670132697,3.47375002894792,0.00835189309576837,"FALSE"
"michigan","van buren",75190,49.736667109988,50.263332890012,81.5095092432504,3.08950658332225,0.617103338209868,11.1929777895997,0.410958904109589,0.14629605000665,49119,49.2459103604203,10.4761271445671,44.5524670833887,3.12807554196037,24.0789998670036,3.83960633062907,602.739726027397,12.1026732278228,0.0200794351279788,"TRUE"
"michigan","isabella",70572,48.656691038939,51.343308961061,85.8456611687355,2.53358272402653,1.63520943150258,3.80320807118971,2.51232783540214,0.481777475486029,42771,40.966672334637,5.6863912033101,48.0218783653574,4.4068469081222,42.1257722609534,25.6674035028056,529.813523777135,8.78535396474522,0.0165819737897834,"FALSE"
"michigan","muskegon",172707,49.7478388252937,50.2521611747063,76.534245861488,13.455737173363,0.519955763229053,5.44969225335395,0.510112502677946,0.1962861956956,46077,42.7371212515995,4.97605771624775,42.3792897798005,4.15675102919974,23.9544430741082,4.2436033281801,579.94175105815,16.3282322083066,0.0281549520766773,"TRUE"
"michigan","macomb",864019,48.6608512081332,51.3391487918668,80.240133608173,10.9483703483372,3.68278938310384,2.4970515694678,0.249763026044566,0.379968496063165,58175,41.985650778513,2.45735336838657,47.9680423694386,3.36323622512931,24.1057198973634,5.47545829431992,621.502536402556,20.450939157588,0.0329056407009441,"TRUE"
"michigan","midland",83489,49.0531686809041,50.9468313190959,91.6695612595671,1.43491957024279,2.23023392303178,2.58357388398472,0.389272838337985,0.431194528620537,57117,43.8764388122986,3.16927978536095,45.41077267664,3.44236965348729,24.3529087664243,5.32165914072513,541.867790966475,6.22836541340775,0.0114942528735632,"FALSE"
"michigan","saginaw",193803,48.5116329468584,51.4883670531416,69.7037713554486,18.1447139621162,1.19760788016697,8.28263752367094,0.206911141726392,0.218778863072295,45034,44.9982714405866,4.5025102810586,42.464254939294,3.79560687915048,25.4407826504234,6.83064761639397,700.969541235172,23.3742511725825,0.0333456017666544,"TRUE"
"michigan","calhoun",134327,48.8747608448041,51.1252391551959,78.2731692064886,10.5645179301257,2.11201024365913,4.99452827800814,0.603750549033329,0.317136539936126,46213,45.3549919226961,5.50596678255302,43.3114712604316,3.4840352274673,23.9259419178572,4.95358341956569,632.858621126058,15.2612654194615,0.0241148100223503,"TRUE"
"michigan","kalamazoo",259830,48.9731747681176,51.0268252318824,78.0433360274025,10.5834584151176,2.38348150713928,4.70576915675634,0.18627564176577,0.74510256706308,51945,42.8272331909325,3.43147442558596,49.6239849132125,3.48766501173844,30.8028326213293,11.6772505099488,525.074086902975,10.9302236077435,0.0208165359525031,"FALSE"
"michigan","grand traverse",91222,49.1767336826643,50.8232663173357,92.6256824011752,1.12692113744491,0.639100217052904,2.72302733989608,0.940562583587293,0.493302054329,58229,47.1278858170178,7.09477976803841,49.7577338799851,2.83484247221065,22.4627831005678,4.54495626055118,403.959571156081,5.919624651948,0.0146540027137042,"FALSE"
"michigan","kalkaska",17358,51.1234013135154,48.8765986864846,94.6883281484042,0.702845949994239,0.420555363521143,1.80320313400161,0.645235626224219,0.345661942620118,43431,70.624495909667,30.1878096554903,40.1428736029496,3.8195644659523,19.8237124092637,2.47724392211084,303.030303030303,8.06544532780274,0.026615969581749,"FALSE"
"michigan","benzie",17462,49.7881113274539,50.2118886725461,93.9296758675982,0.34360325277746,0.440957507731073,2.38804260680334,1.38013973198946,0.51540487916619,53185,71.1029664414156,31.5255984423319,43.9754896346352,3.04088878708052,18.9096323445195,3.01798190356202,454.701637842172,16.0348184629481,0.035264483627204,"TRUE"
"michigan","cheboygan",25475,49.7742885181551,50.2257114818449,92.2237487733072,0.757605495583906,0.380765456329735,1.33464180569185,2.00981354268891,0.400392541707556,42876,72.3768400392542,27.8312070657507,40.9931305201178,4.93032384690873,18.1589793915604,2.76349362119725,328.55740922473,12.9538763493621,0.039426523297491,"TRUE"
"michigan","menominee",23389,50.5964342212151,49.4035657787849,93.313095899782,0.329214588054213,0.414724870665698,1.65889948266279,2.31732865877122,0.042755141305742,44480,61.050066270469,15.7595450852965,45.4829193210484,2.87742100987644,19.1414767625807,2.6679208174783,769.592543503356,15.3918508700671,0.02,"TRUE"
"michigan","manistee",24432,51.968729535036,48.031270464964,89.4359855926654,2.76277013752456,0.4133922724296,2.8937459070072,1.61673215455141,0.298788474132286,44882,64.591519318926,24.4392599869024,38.3595284872299,3.3439751146038,18.7336280288147,2.65225933202358,291.011787819253,7.36738703339882,0.0253164556962025,"FALSE"
"michigan","clare",30597,49.5081217112789,50.4918782887211,95.0648756414028,0.549073438572409,0.343170899107756,1.86946432656796,0.486975847305291,0.372585547602706,35913,76.1022322449913,34.5099192731314,35.9022126352257,4.64751446220218,18.9528385135798,3.62127005915613,454.619733960846,18.956106807857,0.0416966211358735,"TRUE"
"michigan","charlevoix",26160,49.1896024464832,50.8103975535168,93.9946483180428,0.363149847094801,0.431957186544342,1.79281345565749,1.16207951070336,0.382262996941896,51567,67.262996941896,24.3195718654434,45.4969418960245,2.98929663608563,20.6345565749236,3.55886850152905,357.415902140673,4.20489296636086,0.0117647058823529,"FALSE"
"michigan","hillsdale",45909,49.8856433379076,50.1143566620924,95.051079309068,0.699209305364961,0.370297762965867,2.19564791217408,0.368119540830774,0.100198218214293,46160,47.5462327648174,8.564769435187,42.1377072033806,2.7467381123527,23.7644034938683,5.86377398767126,651.070596179398,14.5940883051254,0.0224155235864838,"TRUE"
"michigan","chippewa",38023,55.0929700444468,44.9070299555532,70.1207164084896,6.40927859453489,0.97835520605949,1.76735133997843,13.867922047182,0.297188543776136,44030,56.2606843226468,19.4303447913105,39.4129868763643,3.92131078557715,22.1050416852957,6.25410935486416,432.369881387581,4.73397680351366,0.0109489051094891,"FALSE"
"michigan","marquette",67145,50.4847717626033,49.5152282373967,92.3627969320128,1.55633330851143,0.869759475761412,1.43569886067466,0.82805867897833,0.256162037381786,48491,51.7283490952416,12.7098071338149,44.3011393253407,2.9622458857696,27.2023233301065,11.3292128974607,565.045796410753,8.04229652245141,0.0142329994728519,"FALSE"
"michigan","shiawassee",68617,49.2691315563199,50.7308684436801,94.3060757538219,0.392031129311978,0.450325721031231,2.85060553507148,0.206945800603349,0.158852762434965,50967,44.0707113397555,3.81392366323214,44.8664325167233,3.43938091143594,23.7900228806272,5.00896279347683,490.548989317516,9.47287115437865,0.0193107546048723,"FALSE"
"michigan","berrien",154948,48.942225778971,51.057774221029,75.1323024498542,14.5642409066267,1.92838887884968,5.2146526576658,0.299455301133283,0.271058677749955,47132,49.8367194155459,9.15532952990681,45.4597671476883,3.59862663603273,24.3017012158918,4.62929498928673,662.867542659473,13.6820094483311,0.0206406386914614,"TRUE"
"michigan","dickinson",25694,49.8910251420565,50.1089748579435,95.5943021717132,0.595469759476921,0.572118004203316,1.41667315326535,0.758932046392154,0.144002490853896,45681,54.744298279754,10.8858099167121,43.4109130536312,2.78275083677123,19.5687709192808,2.52588152876158,888.53428816066,27.2437144858722,0.0306614104248795,"TRUE"
"michigan","huron",31750,49.6913385826772,50.3086614173228,95.4582677165354,0.4,0.614173228346457,2.26141732283465,0.330708661417323,0.160629921259843,45191,66.8976377952756,23.1811023622047,44.3779527559055,2.71181102362205,19.303937007874,2.91968503937008,579.842519685039,16.3779527559055,0.0282455187398153,"TRUE"
"michigan","barry",59607,50.2591977452313,49.7408022547687,94.6298253560823,0.431157414397638,0.52007314577147,2.70438035801164,0.213062224235409,0.0754944889023101,57312,45.8486419380274,6.35831362088345,46.7679970473267,3.07514218128743,22.5426543862298,3.51133256161189,562.517825087658,6.54285570486688,0.0116313748881599,"FALSE"
"michigan","houghton",36333,54.2564610684502,45.7435389315498,92.4173616271709,0.721107533096634,2.88718245121515,1.49450912393692,0.280736520518537,0.275231882861311,41379,51.5344177469518,15.3221589188892,41.9123111221204,3.066083175075,33.7737043459114,15.1652767456582,640.189359535409,9.35788401728456,0.0146173688736028,"FALSE"
"michigan","jackson",158989,51.0727157224714,48.9272842775286,84.9794639880746,8.21817861613068,0.740931762574769,3.39897728773689,0.318889986099667,0.161017428878727,49715,43.6747196346917,5.04437413909138,42.4469617394914,3.50275805244388,24.0865720269956,5.47962437652919,537.773053481687,12.2021020322161,0.0226900584795322,"TRUE"
"michigan","ottawa",280243,49.3321867093915,50.6678132906085,84.3293142023173,1.372023565263,2.69016532081087,9.43359869827257,0.260488219152664,0.412855985698126,63962,37.9188775455587,2.33511630977402,51.1324100869602,2.36794496205079,29.3538107999129,8.52759926206899,725.548898634399,11.0975118022573,0.0152953327103723,"FALSE"
"michigan","monroe",149619,49.3954644797786,50.6045355202214,91.539844538461,2.29783650472199,0.630267546234101,3.45009657864309,0.336855613257674,0.488574312086032,59479,42.5166589804771,3.31575535192723,46.2541522132884,2.89869602122725,23.712229061817,4.40184735895842,580.808587144681,11.4290297355282,0.0196777905638665,"FALSE"
"michigan","missaukee",14982,50.9544787077827,49.0455212922173,94.3532238686424,0.420504605526632,0.246963022293419,2.6765451875584,0.574022159925244,0.100120144173008,42370,61.2268054999333,21.572553731144,41.443065011347,3.12374849819784,20.5580029368576,1.94233079695635,408.490188225871,9.34454678948071,0.022875816993464,"FALSE"
"michigan","gogebic",15577,54.2145470886564,45.7854529113436,89.6385696860756,4.22417667073249,0.276048019515953,1.25184566989793,2.68986325993452,0.186171920138666,36689,69.3137317840406,26.5583873659883,38.3128972202606,2.74764075239135,17.1920138665982,3.61430313924376,699.74963086602,25.0369133979585,0.0357798165137615,"TRUE"
"michigan","gladwin",25324,50.2250829252883,49.7749170747117,96.2407202653609,0.355394092560417,0.465961143579213,1.4729110725004,0.509398199336598,0.193492339282894,40871,70.3443373874585,26.946769862581,35.1287316379719,2.81945980097931,17.876322855789,2.45221923866688,531.511609540357,14.6106460274838,0.0274888558692422,"TRUE"
"michigan","delta",36395,49.6881439758209,50.3118560241791,93.2106058524523,0.263772496222008,0.362687182305262,1.19521912350598,1.79969776068141,0.285753537573843,44639,55.9115263085589,12.1692540184091,43.4702569034208,3.03613133672208,20.1511196592939,3.31913724412694,831.158126116225,21.7062783349361,0.0261157024793388,"TRUE"
"michigan","newaygo",47899,50.1805883212593,49.8194116787407,90.6783022610075,1.25263575439988,0.342387106202635,5.76629992275413,0.586651078310612,0.102298586609324,45645,52.6628948412284,13.4720975385707,40.2012568112069,3.36541472682102,22.2426355456273,2.92072903400906,524.645608467818,8.35090502933255,0.0159172304019101,"FALSE"
"michigan","clinton",77321,49.4445234800378,50.5554765199622,90.2057655746822,1.65155649823463,1.5403318632713,4.44639877911563,0.0931182990390709,0.470764734030858,64903,40.4870604363627,2.77026939641236,48.0283493488186,2.18052016916491,26.5555282523506,6.29195173368166,580.825390256205,6.72521048615512,0.0115787129815186,"FALSE"
"michigan","genesee",410881,48.217123692748,51.782876307252,72.5149130770223,19.8186336189797,1.03533626524468,3.30631009951787,0.369693414881681,0.494060324035426,45231,46.7186362961539,6.11369228560094,40.6246577476204,4.9143182575977,24.8913919115267,5.0588856627588,574.424225018923,16.6471557458242,0.028980594864842,"TRUE"
"michigan","leelanau",21564,49.531626785383,50.468373214617,90.2244481543313,0.482285290298646,0.728065294008533,4.22463364867372,2.52272305694676,0.384900760526804,62646,71.3411240957151,29.5028751623076,45.140048228529,3.05138193285105,18.7627527360416,3.5846781673159,354.294194027082,4.17362270450751,0.0117801047120419,"FALSE"
"michigan","ionia",64147,53.2059176578796,46.7940823421204,88.3470778056651,4.72976132944643,0.381935242489906,4.67675807130497,0.238514661636554,0.185511403495097,51980,38.720438991691,3.44988853726597,43.6185636117044,2.88555972999517,24.0400954058647,4.02357086067938,596.754329898514,8.88584033547945,0.0148902821316614,"FALSE"
"michigan","kent",636376,49.2058154298716,50.7941845701284,74.4196827033075,9.26999132588281,2.83857342200209,10.2822859441588,0.260066375853269,1.03350849183502,57302,39.4884470815996,2.25747042628886,50.5334896350585,2.88555822344023,26.6048688196915,5.50240738179944,746.194073943706,9.61695601342602,0.0128880090974182,"FALSE"
"michigan","bay",105350,49.2406264831514,50.7593735168486,90.3512102515425,1.54152823920266,0.566682486948268,5.15234931181775,0.24110109159943,0.29046037019459,45983,45.8035121025154,3.97152349311818,43.8490745135263,3.52918841955387,23.1001423825344,5.40768865685809,653.156146179402,22.4015187470337,0.0342973405028339,"TRUE"
"michigan","washtenaw",361509,49.5005656843951,50.4994343156049,70.6336495080344,11.7327646061371,8.69909186216664,4.53792298393678,0.182291450558631,2.57476300728336,65618,41.3962031374046,2.96092213471864,50.8753585664534,2.89868302033974,34.8309447344326,13.9775219980692,429.228594585474,6.03027863759962,0.01404910743056,"FALSE"
"michigan","livingston",186946,50.136937939298,49.863062060702,94.6048591571898,0.553635809271126,0.91470264140447,2.2830122067335,0.19791811539161,0.138007766948745,78430,40.3255485541279,2.43706738844372,50.675061247633,2.46274325206209,24.6643415745723,4.7329175269864,483.776063676142,5.08168134113594,0.0105042016806723,"FALSE"
"michigan","osceola",23221,50.493088152965,49.506911847035,94.8796348133155,0.973256965677619,0.322983506308945,1.71827225356358,0.83545066965247,0.271306145299513,41099,59.0758365272813,20.2747513027001,38.5857628870419,3.01020627879936,21.0197665905861,2.57956160372077,408.681796649584,8.18224882649326,0.0200210748155954,"FALSE"
"michigan","crawford",13821,50.3075030750307,49.6924969249692,94.985891035381,0.680124448303307,0.629476883004124,1.83778308371319,0.542652485348383,0.0795890311844295,42666,80.876926416323,37.2838434266696,36.9510165689892,4.29057231748788,18.6455393965704,2.86520512263946,376.962593155343,3.61768323565589,0.00959692898272553,"FALSE"
"michigan","otsego",24247,49.2885717820761,50.7114282179239,94.6838784179486,0.408297933765002,0.490782364828639,1.63319173506001,0.532024580360457,0.0866086526168186,50823,61.2776838371757,20.5303748917392,44.9292696003629,3.05192394935456,21.0005361488019,2.9983090691632,442.116550501093,10.3105538829546,0.0233208955223881,"FALSE"
"michigan","ogemaw",20979,50.1358501358501,49.8641498641499,95.0188283521617,0.324133657466991,0.605367272033939,1.98293531626865,1.16783450116783,0.0429000429000429,38149,76.8244434911102,32.3752323752324,36.8892702226036,4.11363744697078,18.7949854616521,2.85046951713618,479.527146193813,14.7766814433481,0.0308151093439364,"TRUE"
"michigan","mason",28800,49.5972222222222,50.4027777777778,91.6701388888889,0.930555555555555,0.465277777777778,4.46527777777778,0.767361111111111,0.111111111111111,45524,60.4444444444444,18.1319444444444,43.1180555555556,3.53819444444444,20.6736111111111,3.17013888888889,388.888888888889,7.98611111111111,0.0205357142857143,"FALSE"
"michigan","gratiot",41319,53.0917979621966,46.9082020378034,86.4711149834217,5.57128681720274,0.343667562138484,5.83508797405552,0.186354945666642,0.0387231055930686,42256,39.4394830465403,3.77550279532419,36.8740773009995,2.95989738377018,23.9115177037198,6.54178465112902,627.072291197754,22.0237663060577,0.0351215746815901,"TRUE"
"michigan","tuscola",53569,50.1950755100898,49.8049244899102,93.6623793611977,1.13311803468424,0.309880714592395,3.24814724934197,0.261345180981538,0.0410685284399559,45495,45.6532696148892,5.28663966099796,42.9110119658758,3.43668912990722,21.396703317217,3.39748735275999,549.944930836865,21.6543149956131,0.0393754243041412,"TRUE"
"michigan","branch",43543,51.7121006820844,48.2878993179156,90.9308040327952,2.31954619571458,0.528213490113221,4.46225570126082,0.268699905840204,0.151574305858577,48192,47.7275337023172,10.0291665709758,43.315802769676,2.11055738006109,21.9392324828331,2.96718186620123,794.387157522449,17.2243529384746,0.0216825672159584,"TRUE"
"michigan","lenawee",98585,50.6456357458031,49.3543642541969,87.0112086017143,2.35735659583101,0.271846629811837,7.76994471775625,0.33372216868692,0.152152964446924,51339,44.3170867779074,5.65501851194401,44.9916315869554,2.84120302277223,24.0908860374296,5.70269310747071,532.028199016078,8.21626008013389,0.015443279313632,"FALSE"
"michigan","eaton",108586,48.8690991472197,51.1309008527803,83.3910448860811,6.4667636711915,2.09419262151659,5.19219788923066,0.518483045696499,0.499143535999116,59244,43.6041478643656,2.78581032545632,48.4841508113385,2.99854493212753,23.6319599211685,5.32112795387987,501.353765678817,10.7748696885418,0.0214915503306392,"FALSE"
"michigan","wayne",1763822,48.0966333337491,51.9033666662509,49.6759310179825,38.9128268045188,3.10870371273292,5.7248974102829,0.255978210953259,1.18509690887176,43702,46.2332366871487,8.06935166927275,40.9403556594713,5.36494045317498,25.7562837973446,5.5787375370077,527.128020854712,21.8672859279451,0.0414838237824815,"TRUE"
"michigan","allegan",114145,49.9338560602742,50.0661439397258,88.7301239651321,1.26505760217268,0.555433877962241,7.20574707608743,0.464321696088309,0.122651014061063,58487,44.1859038941697,6.9034999342941,47.3327784835078,1.74865302904201,23.7408559288624,3.34574444785142,573.8315300714,8.14753164834202,0.0141984732824427,"FALSE"
"michigan","st. clair",159761,49.6335150631255,50.3664849368745,91.349578432784,2.04618148359111,0.675383854632858,3.23107642040298,0.14521691777092,0.271655785830084,53641,45.042281908601,4.74020568223784,45.3295860691909,3.70741294809121,22.4654327401556,3.95716100925758,494.551235908639,12.8316673030339,0.0259460827743324,"TRUE"
"michigan","iosco",25317,49.6504325157009,50.3495674842991,94.2923727139867,0.655685902753091,0.564837855986096,2.03025634948849,0.797882845518821,0.051348895998736,41414,80.9890587352372,35.7348817000434,35.2490421455939,3.74056957775408,16.7555397558952,2.51214598886124,477.149741280562,22.9095074455899,0.0480132450331126,"TRUE"
"michigan","sanilac",41535,49.5774647887324,50.4225352112676,94.1374744191646,0.556157457565908,0.36354881425304,3.65474900686168,0.262429276513784,0.209461899602745,44417,55.3990610328638,14.1784037558685,42.4485373781148,3.56566750932948,21.1749127242085,2.44612977007343,418.923799205489,16.6124954857349,0.0396551724137931,"TRUE"
"michigan","emmet",32978,49.605797804597,50.394202195403,91.3881981927345,0.515495178603918,0.579173994784402,1.56164715871187,2.1711443992965,0.103099035720784,51475,65.1585905755352,21.2020134635211,49.2358542058342,3.17181151070411,21.7478318879253,4.23009278913215,403.90563405907,10.3099035720784,0.0255255255255255,"FALSE"
"michigan","st. joseph",60890,49.7027426506816,50.2972573493184,86.8303498111348,2.5176547873214,0.548530136311381,7.49548365905732,0.175726720315323,0.264411233371654,47856,45.7595664312695,6.62177697487272,45.3358515355559,2.56199704384956,22.941369683035,2.67203153227131,682.870750533749,11.0034488421744,0.0161135161135161,"FALSE"
"michigan","cass",51397,50.3161663132089,49.6838336867911,86.4116582679923,4.81740179387902,0.805494484113859,3.65001848356908,1.14403564410374,0.0311302216082651,50699,50.8667821079051,10.6192968461194,45.2886355234741,3.82318034126505,21.9409693172753,3.65974667782166,692.84199466895,10.8955775628928,0.0157259196854816,"FALSE"
"michigan","lapeer",88205,50.6354515050167,49.3645484949833,92.0163256051244,1.25503089394025,0.488634431154696,4.57457060257355,0.337849328269372,0.208604954367666,56186,41.3219205260473,3.73674961736863,43.7356158947905,3.49640043081458,22.4465733235077,3.5791621790148,502.465846607335,12.130831585511,0.0241425992779783,"TRUE"
"michigan","ingham",286185,48.6339256075615,51.3660743924385,70.598389153869,10.6452120132082,6.02791900344183,7.59578594265947,0.252983210161259,1.67129653895208,49109,42.8806541223335,3.78216887677551,48.1111868197145,4.24305955937593,34.5308104897182,15.64232926254,494.610129811136,8.24641403288083,0.0166725538678912,"FALSE"
"michigan","oakland",1241860,48.7358478411415,51.2641521588585,72.8634467653359,13.62665678901,6.80648382265312,3.86041904884609,0.207994459923019,0.235131174206432,73369,43.1111397419999,2.8797932134057,50.6942006345321,2.86433253345788,24.9103763709275,5.21113491053742,544.940653535825,14.5910167007553,0.0267754233531341,"TRUE"
"new mexico","hidalgo",4446,49.0103463787674,50.9896536212326,40.8007197480882,0.67476383265857,0,57.9397210976158,0.584795321637427,0,31829,54.8358074673864,15.2271704903284,36.302294197031,3.5987404408457,19.7480881691408,1.75438596491228,647.773279352227,20.2429149797571,0.03125,"TRUE"
"new mexico","de baca",2016,45.9325396825397,54.0674603174603,52.2321428571429,1.48809523809524,0,46.031746031746,0,0,31439,56.6964285714286,23.6607142857143,33.4821428571429,2.38095238095238,27.3809523809524,3.5218253968254,600.198412698413,0,0,"FALSE"
"new mexico","guadalupe",4426,59.7605061003163,40.2394938996837,15.1152281970176,1.28784455490285,0,82.0831450519657,1.31043831902395,0,26060,56.4392227745142,28.1292363307727,31.0438319023949,0.474469046543154,21.8707636692273,5.80659737912336,720.741075463172,18.0750112968821,0.0250783699059561,"TRUE"
"new mexico","catron",3547,52.4668734141528,47.5331265858472,83.2534536227798,0.253735551170003,0.33831406822667,15.7597970115591,0.0563856780377784,0,42047,112.771356075557,72.3710177614886,25.9092190583592,0,11.700028192839,0.112771356075557,197.349873132224,8.45785170566676,0.0428571428571429,"FALSE"
"new mexico","lea",69505,51.5128408028199,48.4871591971801,37.159916552766,3.62132220703546,0.0446011078339688,56.8318825983742,0.650312927127545,0.181281922163873,59285,37.3167398028919,5.62261707790806,41.2517085101791,2.7163513416301,27.0153226386591,3.2918495072297,1084.95791669664,15.8261995539889,0.014586924811033,"TRUE"
"new mexico","torrance",15534,52.3110596111755,47.6889403888245,52.2466846916441,1.7252478434402,0.205999742500322,42.0818848976439,1.06218617226728,0.0193124758594052,35543,51.4355607055491,15.3984807518991,34.2860821423973,2.89687137891078,21.7136603579246,4.06849491438136,359.212050984936,5.14999356250805,0.014336917562724,"FALSE"
"new mexico","grant",28382,49.1156366711296,50.8843633288704,46.4519766048904,0.676485096187725,0.126840955535198,49.996476640124,1.52209146642238,0.144457754915087,40470,52.7094637446269,10.8554717778874,37.5132125995349,3.322528363047,22.2922979353111,4.77062927207385,423.155521104926,7.75139172715101,0.0183180682764363,"FALSE"
"new mexico","sierra",11254,48.9870268349031,51.0129731650969,65.7455127065932,0.550915230140394,0.515372312066821,29.9182512884308,1.07517327172561,0.0355429180735738,29690,75.4398436111605,27.4569042118358,33.2326283987915,4.26515016882886,15.6122267638173,2.60351874888928,580.238137551093,36.4314910254132,0.0627871362940276,"TRUE"
"new mexico","eddy",56793,50.696388639445,49.303611360555,48.5006955082493,1.4121458630465,0.450759776733048,47.5093761555121,1.3012166992411,0.241226911767295,60703,42.2780976528798,4.82101667459018,46.1165988766221,2.45628862711954,23.8339231947599,2.77675065589069,977.233109714225,15.8470234007712,0.0162162162162162,"TRUE"
"new mexico","mckinley",72849,48.3314801850403,51.6685198149597,9.08729014811459,0.506527200098835,0.922456039204382,14.1347170173921,73.3489821411413,0.185314829304452,30336,35.9140139192027,8.78392290903101,31.8563055086549,6.12911639143983,28.7251712446293,4.47363724965339,1509.01179151395,52.849043912751,0.0350222869098517,"TRUE"
"new mexico","union",4216,54.1982922201139,45.8017077798861,51.9924098671727,1.30455407969639,0.023719165085389,41.2713472485769,2.18216318785579,0.332068311195446,38240,55.5740037950664,21.7979127134725,36.4089184060721,0.925047438330171,19.9478178368121,2.65654648956357,493.358633776091,16.6034155597723,0.0336538461538462,"TRUE"
"new mexico","socorro",17098,53.0237454673061,46.9762545326939,35.103520879635,0.0701836472102,2.15814715171365,49.6958708620891,8.772955901275,0.181307755293017,34008,47.8360042110188,20.3591063282255,34.2496198385776,1.49725114048427,30.0736928295707,8.12960580184817,614.691776816002,26.9037314305767,0.043767840152236,"TRUE"
"new mexico","dona ana",213849,49.1440221838774,50.8559778161226,27.9800232874598,1.59598595270495,0.962828911989301,67.7029118677197,0.687868542756805,0.179098335741575,39114,40.3172331879036,4.43209928500952,41.4465347043942,4.26702953953491,32.12734219005,10.4840331261778,934.53792161759,15.1976394558777,0.0162621966474856,"TRUE"
"new mexico","curry",50283,51.9837718513215,48.0162281486785,49.1299246266134,5.51677505319889,1.4060418033928,40.9720979257403,0.902889644611499,0.0417636179225583,41941,41.8968637511684,5.16476741642305,40.7871447606547,3.47035777499354,27.6912674263668,5.80315414752501,909.651373227532,10.9380904082891,0.0120244862264976,"FALSE"
"new mexico","rio arriba",39455,49.0127993917121,50.9872006082879,12.8627550373844,0.435939678114307,0.40805981497909,71.4104676213408,14.0058294259283,0.456215942212647,33422,50.693194778862,18.119376504879,34.9410721074642,3.41401596755798,23.5635534152832,4.66354074261817,744.392345710303,12.4192117602332,0.0166836908409942,"TRUE"
"new mexico","santa fe",147514,48.7262225958214,51.2737774041786,42.9098255080874,0.63993926000244,1.22090106701737,51.1910733896444,2.51230391691636,0.665021625066095,57945,49.3146413221796,7.52132001030411,47.2022994427648,2.75499274645118,21.9009721111217,4.68158954404328,580.555065959841,6.50785688138075,0.0112097150864082,"FALSE"
"new mexico","taos",32809,48.9316955713371,51.0683044286629,35.4049193818769,0.201164314669755,0.234691700448048,56.7649120668109,6.50431284098875,0.137157487274833,35314,63.1564509738182,24.7432107043799,41.8757048370874,4.48962175012954,21.631259715322,4.65421073485934,412.996433905331,12.8013654789844,0.0309963099630996,"TRUE"
"new mexico","cibola",27049,50.5674886317424,49.4325113682576,20.0081333875559,1.00188546711524,0.447336315575437,37.9644349144146,39.1622610817405,0.133091796369552,36089,41.7982180487264,8.27387334097379,35.4911456985471,6.73962068838035,25.0397426891937,3.62305445672668,924.248585899664,31.0547524862287,0.0336,"TRUE"
"new mexico","luna",24319,49.5785188535713,50.4214811464287,30.9593322093836,1.22949134421646,0.534561454007155,65.9196513014515,0.752498046794687,0.259056704634237,27602,46.1079814137094,8.73802376742465,32.464328302973,4.19425140836383,22.957358444015,2.63991118055841,1099.1405896624,21.3824581602862,0.019453797231575,"TRUE"
"new mexico","san miguel",28203,50.0443215260788,49.9556784739212,18.1080026947488,0.992802184164805,0.748147360209907,77.5768535262206,1.05662518171826,0.20919760309187,29168,56.2812466758855,17.1329291210155,32.7270148565755,1.8437754848775,24.7704144949119,7.35382760699216,369.81881360139,2.12743325178173,0.00575263662511985,"FALSE"
"new mexico","san juan",128221,49.5464861450152,50.4535138549848,39.2213443975636,0.509276951513403,0.583367779068951,19.8625810124707,37.7020924809509,0.139602717183613,49686,39.5535832663916,6.79841835580755,40.0706592523846,4.23409581893762,27.6647351057939,5.34233861847903,954.835791329033,26.2047558512256,0.0274442538593482,"TRUE"
"new mexico","sandoval",138815,48.9421172063538,51.0578827936462,44.583798580845,1.83913842164031,1.26499297626337,37.8719878975615,12.0008644598927,0.46248604257465,60345,39.7385008824695,4.24882037243814,42.9031444728596,3.7099737060116,26.7701617260382,6.10452760868782,692.9366422937,11.3100169290062,0.0163218629795197,"FALSE"
"new mexico","colfax",12522,50.4472129052867,49.5527870947133,47.1649896182718,0.559016131608369,0.343395623702284,49.1854336367992,1.01421498163233,0.0399297236863121,33042,81.5125379332375,36.8631209072033,37.2384603098547,4.12074748442741,18.4555182878135,2.6992493211947,504.711707394985,26.353617632966,0.0522151898734177,"TRUE"
"new mexico","quay",8447,48.0288859950278,51.9711140049722,50.4321060731621,1.57452349946727,0.6511187403812,44.6904226352551,0.994435894400379,0.0947081804190837,26663,66.9941991239493,30.4723570498402,35.6931454954422,1.49165384160057,21.9012667219131,2.17828814963893,452.231561501125,9.47081804190837,0.0209424083769634,"FALSE"
"new mexico","roosevelt",19313,50.0440118055196,49.9559881944804,53.1041267539999,2.8012219748356,0.486718790452027,40.9931134469011,0.538497385180966,0.0621343136747269,35928,43.6700667943872,6.77781805001812,39.6106249676384,4.74291927717082,33.6146636980272,13.4986796458344,882.825040128411,21.7470097861544,0.024633431085044,"TRUE"
"new mexico","valencia",75845,50.1193223020634,49.8806776979366,33.5948315643747,0.804271870261718,0.518162041004681,59.9973630430483,3.57966906190256,0.320390269628848,43428,40.7330740325664,5.15393236205419,37.5911398246424,3.74052343595491,25.6720944030589,5.01417364361527,729.909684224405,9.75674072120773,0.0133670520231214,"FALSE"
"new mexico","chaves",65454,49.7081920127112,50.2918079872888,40.3581140953952,1.54001283344028,0.624866318330431,55.5581018730712,0.770006416720139,0.351391817154032,42177,41.3802059461607,5.71699208604516,40.729367189171,2.74696733583891,26.6966113606502,4.56198246096495,1204.20447948177,18.3334861123843,0.0152245622938341,"TRUE"
"new mexico","otero",65130,51.4018117610932,48.5981882389068,49.7896514662982,3.0938123752495,1.16536158452326,37.4865653308767,6.18455396898511,0.239520958083832,43533,48.4584676800246,12.1357285429142,36.3995086749578,3.73099953938277,24.4265315522801,5.1758022416705,405.343159834178,7.06279748195916,0.0174242424242424,"FALSE"
"new mexico","lincoln",19497,48.2074165256193,51.7925834743807,63.3635943991383,0.56418936246602,0.528286403036365,31.9228599271683,1.57973021490486,0.0410319536338924,42145,92.1987998153562,51.669487613479,36.1953120992973,1.97466276863107,19.4388880340565,3.26716930809868,659.58865466482,6.66769246550751,0.0101088646967341,"FALSE"
"new mexico","los alamos",18031,50.6627474904331,49.3372525095669,72.8911319394376,0.305030225722367,5.95640840774222,17.2480727635738,1.02601075924796,1.64161721479674,110190,46.4200543508402,4.68637346791637,50.5906494370806,1.96328545283124,25.8721091453608,4.06522100826355,217.957961288891,0.554600410404304,0.00254452926208651,"FALSE"
"new mexico","bernalillo",674855,49.0094909276808,50.9905090723192,39.4709974735313,2.50631617162205,2.34672633380504,49.5020411792163,3.99196864511636,0.85396122129939,50386,43.1350438242289,4.08206207259337,46.4778359795808,3.31656429899756,26.5519259692823,6.53043987226886,692.934037682169,10.4022345540894,0.0150118683574621,"FALSE"
"new mexico","harding",546,53.2967032967033,46.7032967032967,62.2710622710623,0,0,37.3626373626374,0,0,35096,103.296703296703,66.1172161172161,36.8131868131868,2.56410256410256,15.7509157509158,0.54945054945055,146.520146520147,0,0,"FALSE"
"new mexico","mora",4605,49.6416938110749,50.3583061889251,13.9630836047774,0.0651465798045603,0,79.0228013029316,0,0,26644,60.043431053203,27.1878393051032,27.0358306188925,2.41042345276873,26.1020629750271,7.68729641693811,306.188925081433,10.85776330076,0.0354609929078014,"FALSE"
